#,TRADING CODE,LTP*,HIGH,LOW,CLOSEP*,YCP*,CHANGE,TRADE,VALUE (mn),VOLUME
1,RECKITTBEN,"3,375.1","3,380","3,369","3,375.1","3,373.1",2,100,1.95,578
2,MARICO,"2,776.6","2,875","2,770","2,776.6","2,781",-4.4,179,11.654,"4,195"
3,EASTRNLUB,"2,439.6","2,475","2,425.5","2,439.6","2,431.6",8,937,14.382,"5,851"
4,UNILEVERCL,"2,376","2,405","2,375","2,377.5","2,388.3",-12.3,40,0.212,89
5,BERGERPBL,"1,421.8","1,430","1,409.3","1,421.8","1,415",6.8,465,21.706,"15,321"
6,LINDEBD,898.2,906.6,895.6,898.2,906.6,-8.4,724,13.423,"14,905"
7,BATASHOE,872.6,880,872.6,875.5,876.6,-4,14,0.202,231
8,AMBEEPHA,816.2,833.5,815,817.4,819.1,-2.9,73,1.346,"1,647"
9,LIBRAINFU,777.5,788.4,769.1,778.9,768.5,9,624,6.891,"8,838"
10,RENWICKJA,645,663.9,635,644.8,645.7,-0.7,12,0.349,541
11,PHARMAID,583,594.5,578.9,583.6,581.7,1.3,273,3.493,"5,957"
12,GQBALLPEN,572.4,585,541.2,572.4,551.2,21.2,"1,232",36.402,"64,524"
13,KOHINOOR,569.9,578,558,569.9,559.9,10,"1,084",22.087,"38,745"
14,ORIONINFU,537.2,539,518,537.2,517.3,19.9,"2,864",186.608,"351,436"
15,RENATA,484.6,486.9,484,484.6,482.4,2.2,544,11.084,"22,844"
16,WALTONHIL,467.4,474.8,466,467.4,473.1,-5.7,"2,077",69.874,"149,058"
17,MONNOAGML,371.4,383,370,371.4,377.7,-6.3,382,7.131,"18,934"
18,KAY&QUE,359.2,370.9,356.2,359.2,370.3,-11.1,"1,802",47.967,"131,947"
19,FINEFOODS,314.9,324.9,306.6,314.9,306.3,8.6,"1,463",48.188,"153,521"
20,IBNSINA,312,317.6,308,310.7,314.8,-2.8,533,11.586,"37,148"
21,GP,298.4,301.5,297.9,298.4,299,-0.6,523,10.992,"36,743"
22,BATBC,280,281.6,276.6,280,279.4,0.6,"1,901",39.93,"143,046"
23,SONALIPAPR,269.8,278.1,267.3,269.8,272.6,-2.8,"2,746",98.241,"359,751"
24,HEIDELBCEM,244.8,248.4,244,244.8,244.6,0.2,202,4.883,"19,932"
25,APEXFOODS,235.8,239,231.7,235.8,233.6,2.2,192,2.599,"11,065"
26,AMCL(PRAN),229.7,232,227.8,229.7,228.3,1.4,52,0.804,"3,506"
27,APEXFOOT,229.5,231.9,227,229.5,228.2,1.3,277,5.111,"22,245"
28,JUTESPINN,220.8,231.7,220,220.8,225.7,-4.9,85,1.054,"4,704"
29,SONALIANSH,220.5,226,219.3,220.5,223.6,-3.1,"1,061",26.326,"118,266"
30,ARAMIT,219,225.1,217.4,219,224.4,-5.4,241,3.09,"14,044"
31,SQURPHARMA,218.4,219.3,218.1,218.4,218.2,0.2,879,29.187,"133,497"
32,MPETROLEUM,210.8,211.6,208.1,210.8,209,1.8,276,13.46,"64,178"
33,PRAGATILIF,204.3,205,194.9,204.3,197.5,6.8,"1,962",62.443,"310,536"
34,SHYAMPSUG,203.8,209.2,200,203.8,206.2,-2.4,154,3.615,"17,897"
35,PADMAOIL,198,199,197.5,198,198.3,-0.3,183,4.284,"21,633"
36,JAMUNAOIL,186.3,187.8,186,186.5,186.9,-0.6,317,6.412,"34,287"
37,ACI,178.3,181.2,178,178.3,178.7,-0.4,312,5.065,"28,247"
38,RAHIMTEXT,178.1,189.9,176,178.1,182.8,-4.7,734,7.849,"42,750"
39,NTC,177.1,180,175,177.1,179.1,-2,45,0.229,"1,295"
40,RANFOUNDRY,176.7,180,175,177.5,178.9,-2.2,316,6.607,"36,962"
41,GEMINISEA,171.2,175.8,170.7,171.2,173.2,-2,676,11.036,"64,109"
42,CVOPRL,167.2,176.9,165,167.2,176.4,-9.2,"3,262",102.71,"602,431"
43,AL-HAJTEX,164.6,167.5,162,164.6,164,0.6,597,22.9,"139,020"
44,APEXSPINN,159.9,163,152.6,159.9,153.8,6.1,"1,102",40.913,"259,356"
45,OLYMPIC,157.8,159.4,155,157.8,156,1.8,523,20.753,"132,382"
46,BDLAMPS,155.2,162.9,153.6,155.2,156.5,-1.3,219,2.588,"16,595"
47,KBPPWBIL,154.1,156.5,152.8,154.1,153.9,0.2,"3,583",150.312,"970,839"
48,TAMIJTEX,146,148,142.1,143.5,145.9,0.1,795,12.84,"88,537"
49,DULAMIACOT,144.5,144.9,133.2,144.5,131.8,12.7,745,11.299,"80,994"
50,ACIFORMULA,143.1,146.7,141.5,143.1,141.3,1.8,470,6.833,"47,279"
51,JMISMDL,143,147,143,143.3,144.1,-1.1,141,1.302,"8,957"
52,UPGDCL,142.3,145.1,142,142.3,143.8,-1.5,528,11.039,"77,093"
53,WATACHEM,140,141,139.5,140,140.9,-0.9,118,2.021,"14,423"
54,BSCPLC,138.6,140.2,138,138.6,138.1,0.5,958,34.1,"245,123"
55,ECABLES,134.3,136.7,133.5,134.3,134.1,0.2,312,3.969,"29,493"
56,RAHIMAFOOD,132.3,137.8,132,132.3,134.7,-2.4,868,15.109,"113,114"
57,BDAUTOCA,130.3,135.5,130,130.3,131,-0.7,757,13.265,"100,565"
58,HAMI,125.4,129.3,124,125.4,127.5,-2.1,410,4.974,"39,364"
59,BEACONPHAR,125.2,127.7,124.1,125.2,125.5,-0.3,"1,449",38.074,"301,946"
60,DSHGARME,123.8,129.7,123.3,123.8,126.4,-2.6,695,10.395,"83,162"
61,BXPHARMA,121.9,123.4,118,121.9,117.6,4.3,"1,764",75.017,"616,867"
62,BANGAS,116.8,121,116,116.8,120.4,-3.6,701,12.011,"101,289"
63,BSC,116.5,117.8,114.3,116.5,113.5,3,"4,089",161.375,"1,380,930"
64,ISNLTD,114.6,116.5,110.3,114.6,111.6,3,"2,619",117.653,"1,041,638"
65,ZEALBANGLA,113.6,119.7,112,113.6,115.4,-1.8,129,1.737,"14,840"
66,BEXIMCO,110.1,110.1,110.1,110.1,110.1,0,3,0.006,54
67,NATLIFEINS,110,113.7,108.9,110,110.2,-0.2,314,6.076,"55,151"
68,RUPALILIFE,109.4,110.7,107.7,109.4,108.9,0.5,"2,511",80.322,"736,831"
69,MONOSPOOL,108.6,112,108.1,108.6,110.5,-1.9,818,15.693,"143,008"
70,SINGERBD,107.3,107.5,105.9,107.3,106.2,1.1,75,1.155,"10,827"
71,MAGURAPLEX,103.3,105.4,102.8,103.3,104,-0.7,873,19.877,"191,662"
72,SAMATALETH,103.3,105.7,103.1,103.3,104.8,-1.5,496,12.345,"118,786"
73,LOVELLO,97.8,100,97.3,97.8,97.7,0.1,"1,338",58.751,"596,067"
74,MJLBD,97.7,98.8,97.5,97.7,98,-0.3,591,17.017,"173,671"
75,NORTHERN,97.2,100,95,97.2,100.3,-3.1,149,0.639,"6,533"
76,BSRMLTD,87.9,88.4,87.1,87.9,86.7,1.2,105,2.294,"26,124"
77,MONNOCERA,86,88.4,85.4,86,90.2,-4.2,"1,574",36.471,"421,153"
78,EHL,85.7,86.7,84.7,85.7,84.5,1.2,867,23.268,"271,402"
79,INDEXAGRO,80.4,82.2,80.1,80.4,79.6,0.8,531,8.272,"102,094"
80,ACMELAB,78.8,79.4,78.5,78.8,78.5,0.3,491,13.559,"171,780"
81,DELTALIFE,78.8,79.3,78.3,78.8,78.7,0.1,290,5.039,"63,868"
82,NTLTUBES,78.4,80,78.3,78.4,79.2,-0.8,502,9.912,"125,516"
83,APEXTANRY,78,80.9,76.6,77,77.9,0.1,48,0.339,"4,380"
84,STANCERAM,78,83.5,78,79.3,77.1,0.9,37,0.164,"2,053"
85,HAKKANIPUL,76.2,78.4,75.9,76.2,77.1,-0.9,781,15.649,"203,028"
86,ADNTEL,75.3,77.6,75.1,75.3,76.2,-0.9,837,19.026,"249,899"
87,ANWARGALV,74.5,76.5,74.1,74.5,74.5,0,496,8.826,"117,495"
88,SAMORITA,73.6,74.5,73.1,73.6,73.4,0.2,337,5.667,"76,916"
89,STYLECRAFT,73.6,76.5,73,73.6,75,-1.4,404,4.102,"55,236"
90,SONALILIFE,73.2,73.5,71.5,73.2,71.3,1.9,325,8.332,"114,264"
91,BRACBANK,70,72,69.8,70,69.7,0.3,825,28.696,"406,804"
92,CITYGENINS,66.4,66.7,66,66.4,66.4,0,297,18.894,"284,725"
93,BSRMSTEEL,66.3,66.5,65.1,66.3,65.4,0.9,89,2.355,"35,765"
94,RELIANCINS,65,65.3,63,64.9,64.4,0.6,100,2.54,"39,106"
95,LEGACYFOOT,63.2,65.2,62.7,63.2,64.2,-1,590,9.614,"150,245"
96,ASIATICLAB,62.1,62.6,60.4,62.1,60.2,1.9,"1,601",81.36,"1,320,685"
97,MEGHNALIFE,61.2,63,61,61.2,61.7,-0.5,381,7.551,"122,275"
98,PRAGATIINS,60.3,60.6,59,60.3,59,1.3,256,7.014,"116,351"
99,CONFIDCEM,59.7,61.3,59.2,59.7,58.2,1.5,670,13.89,"230,118"
100,DAFODILCOM,59.3,61.5,58.3,58.5,59.9,-0.6,964,17.523,"293,123"
101,TILIL,59.2,62.3,58.6,59.2,59,0.2,"3,099",85.496,"1,411,446"
102,ATLASBANG,58.6,59.5,58.6,59.5,59.4,-0.8,27,0.206,"3,466"
103,CROWNCEMNT,57.9,62,57.5,57.9,59.6,-1.7,222,2.53,"42,739"
104,NAVANAPHAR,57.8,58.7,57.5,57.8,57.9,-0.1,909,20.524,"353,076"
105,SUNLIFEINS,57.8,58.9,56.5,57.8,56,1.8,"1,052",22.957,"394,882"
106,ENVOYTEX,57.5,61.3,57,57.5,59,-1.5,"2,129",76.004,"1,285,330"
107,AIL,57.2,57.8,55.5,57.2,55.1,2.1,"2,505",85.283,"1,498,514"
108,PROGRESLIF,56.5,58.9,55.2,56.6,55.3,1.2,190,2.737,"47,993"
109,PTL,56.3,57.7,56,56.3,56.1,0.2,531,17.528,"308,223"
110,MATINSPINN,56.2,57.6,55.9,56.2,56.1,0.1,622,17.91,"316,408"
111,SQUARETEXT,55.8,56.6,55.6,55.9,55.8,0,232,8.598,"152,894"
112,JHRML,55.7,56.4,55.5,55.7,55.6,0.1,661,11.195,"200,372"
113,LHB,55.4,55.5,54.5,55.4,54.2,1.2,"1,020",43.23,"783,878"
114,CLICL,55,57,54.1,55,55.7,-0.7,780,26.504,"475,027"
115,CRYSTALINS,54.8,56.8,53.9,54.8,55,-0.2,754,17.07,"308,360"
116,BEACHHATCH,54.5,56,54.1,54.5,54.7,-0.2,"2,017",67.731,"1,228,107"
117,SINOBANGLA,54.1,56,53.7,54.1,55.1,-1,"1,324",38.206,"695,611"
118,ICB,51.1,52.2,50.8,51.1,51.7,-0.6,392,8.543,"165,770"
119,POPULARLIF,50.6,50.9,49.9,50.6,50.3,0.3,663,16.088,"318,160"
120,MEGHNACEM,50.2,50.4,45.6,50.2,48.5,1.7,157,6.697,"133,606"
121,AZIZPIPES,50.1,50.5,48.7,50.1,48.7,1.4,66,0.316,"6,309"
122,EASTERNINS,50,51.7,49.7,50,50.6,-0.6,124,2.133,"41,760"
123,HWAWELLTEX,49.4,51.2,49.1,49.4,49.8,-0.4,291,5.749,"114,257"
124,GREENDELT,49.3,50.7,49.3,49.9,49.5,-0.2,83,1.764,"35,239"
125,SIPLC,48.7,49.8,48.7,48.8,48.8,-0.1,226,4.292,"87,252"
126,SEAPEARL,48.5,49.9,47.4,48.5,49,-0.5,"1,598",62.919,"1,280,401"
127,PREMIERCEM,48.5,49.7,47.5,48.5,48.5,0,389,8.398,"174,931"
128,SPCL,48.1,49.2,47.9,48.1,48.4,-0.3,704,20.546,"422,455"
129,KDSALTD,48,49.5,47.6,48,48.4,-0.4,"1,016",33.784,"693,992"
130,ITC,44.8,46,44.3,44.8,45,-0.2,"1,441",72.395,"1,599,810"
131,PIONEERINS,44.5,45,43.6,44.5,44.2,0.3,258,3.212,"72,086"
132,PARAMOUNT,43.9,45,43.6,43.8,43.9,0,138,1.963,"44,359"
133,QUASEMIND,43.5,44.1,43.3,43.5,43.3,0.2,495,19.09,"437,417"
134,PRIMELIFE,42.4,43.5,42.2,42.4,42.3,0.1,243,3.179,"73,926"
135,BNICL,42.1,43.9,42,42.1,42.6,-0.5,179,3.305,"77,183"
136,UNITEDINS,41.4,42.6,41.3,41.4,41.6,-0.2,98,1.791,"43,084"
137,ISLAMIBANK,41.3,42,41,41.3,41.3,0,305,6.108,"147,347"
138,CENTRALINS,41.2,42.6,40.7,41.2,41.5,-0.3,265,5.054,"120,352"
139,SAPORTL,41,42.2,40.8,41,41.2,-0.2,"3,195",358.454,"8,654,698"
140,IDLC,40.8,41.5,40.7,40.8,40.6,0.2,452,12.393,"301,027"
141,DUTCHBANGL,40.8,41.9,40.6,40.8,40.8,0,230,12.352,"297,970"
142,UNIQUEHRL,40.8,42,40.4,40.8,41.4,-0.6,367,7.249,"176,170"
143,ISLAMIINS,39.9,40.8,39.9,40.2,40,-0.1,48,0.68,"16,904"
144,TECHNODRUG,38.6,40.8,38.1,38.6,39.7,-1.1,"3,052",131.81,"3,338,639"
145,DBH,38.5,39.2,38,38.5,38.6,-0.1,309,7.778,"201,156"
146,STANDARINS,38.1,39.4,37.9,38.1,37.7,0.4,584,15.8,"413,652"
147,DHAKAINS,37.8,38.5,37.7,37.8,37.9,-0.1,138,2.611,"68,483"
148,MIRACLEIND,37.2,37.2,37.2,37.2,33.9,3.3,115,3.744,"100,646"
149,AFTABAUTO,37.1,38.6,35.6,37.1,35.1,2,"1,590",47.777,"1,264,134"
150,ORIONPHARM,37,37.7,36,37,35.6,1.4,819,22.627,"613,547"
151,INTECH,37,38.3,36,37,36.6,0.4,"2,347",72.834,"1,951,426"
152,TAKAFULINS,35.8,35.8,35,35.8,34.7,1.1,87,0.925,"26,013"
153,USMANIAGL,35.5,36.8,35.1,35.8,35.3,0.2,64,0.426,"11,845"
154,SALVOCHEM,35,36.8,34.8,35,35.5,-0.5,"2,303",96.99,"2,712,803"
155,BPML,35,35.9,34.6,35,35.4,-0.4,297,4.786,"135,463"
156,PEOPLESINS,34.2,34.6,33.9,34.2,34.2,0,122,1.058,"30,801"
157,SONARGAON,34.1,34.7,34,34.1,33.9,0.2,437,9.463,"276,559"
158,ASIAPACINS,33.7,34.6,33.2,33.9,33.9,-0.2,93,1.592,"46,430"
159,POWERGRID,33.6,34.2,33.4,33.6,33.5,0.1,241,7.057,"209,029"
160,PROVATIINS,33.1,33.8,33,33.1,33.1,0,123,1.635,"48,927"
161,BGIC,33.1,33.8,33,33.2,32.9,0.2,108,1.02,"30,373"
162,PRIMEINSUR,32.8,34,32.6,32.8,32.8,0,64,0.985,"29,532"
163,MALEKSPIN,32.8,34,32.7,32.8,33,-0.2,"1,327",79.393,"2,394,621"
164,UNIONINS,32.7,33.4,32,32.7,32.4,0.3,282,4.434,"135,621"
165,MIRAKHTER,32.2,32.6,31.8,32.2,31.9,0.3,466,11.97,"371,603"
166,NPOLYMER,32.2,33.5,32,32.2,33,-0.8,477,10.668,"324,829"
167,REPUBLIC,31.8,32.5,31.2,31.5,31.8,0,235,4.098,"128,037"
168,EIL,31.7,32.7,31.4,31.7,32.1,-0.4,688,21.639,"674,531"
169,RUNNERAUTO,31.4,32,31,31.4,31.4,0,407,12.37,"390,521"
170,DOREENPWR,30.8,32,30.6,30.8,31.6,-0.8,810,20.922,"670,808"
171,KARNAPHULI,30.6,31.3,30.5,30.6,30.9,-0.3,307,6.188,"200,145"
172,NORTHRNINS,30.1,31.5,30.1,30.2,30.1,0,69,0.773,"25,419"
173,GENEXIL,29.4,30.4,29.2,29.4,28.6,0.8,"2,229",70.057,"2,342,803"
174,SONARBAINS,29.3,29.7,29,29.3,29.2,0.1,215,2.373,"80,565"
175,ROBI,29.1,30.1,29,29.1,29.6,-0.5,"1,998",130.854,"4,442,151"
176,PUBALIBANK,28.7,29.2,28.4,28.7,28.5,0.2,171,10.593,"369,133"
177,BDCOM,28.7,29.8,28.4,28.7,29.5,-0.8,"1,058",34.353,"1,176,049"
178,PHENIXINS,28.6,29.8,27,28.6,27.1,1.5,138,4.194,"146,565"
179,GLOBALINS,28.2,28.6,28,28.2,28,0.2,258,5.63,"198,521"
180,PRIMEBANK,28.1,28.5,27.9,28.1,28.4,-0.3,188,8.471,"300,870"
181,EGEN,27.8,29.1,27.5,27.8,28.6,-0.8,"1,915",64.59,"2,284,069"
182,ASIAINS,27.6,30.2,27.5,27.6,28,-0.4,237,3.785,"136,343"
183,ESQUIRENIT,27.6,28.3,27.2,27.6,27.3,0.3,452,10.341,"371,590"
184,NITOLINS,27.6,28.4,26.8,27.6,27.2,0.4,243,2.943,"105,169"
185,FAREASTLIF,27.5,28.8,27,27,27.5,0,70,0.844,"30,670"
186,CONTININS,27.3,28.2,27.1,27.3,27.3,0,358,8.212,"298,841"
187,AMANFEED,27,27.4,26.2,27,26,1,"1,126",29.593,"1,097,994"
188,AGRANINS,27,27.5,26.9,27,27,0,178,2.882,"106,262"
189,AGNISYSL,27,27.8,26.9,27,27.4,-0.4,"1,066",33.301,"1,224,674"
190,JANATAINS,26.1,26.8,25.9,26.1,26.2,-0.1,156,2.278,"86,058"
191,INTRACO,26.1,27,26,26.1,26.7,-0.6,827,34.207,"1,294,705"
192,NAVANACNG,25.7,25.7,25.7,25.7,23.4,2.3,237,11.432,"444,820"
193,MERCINS,25.7,27.5,25.6,25.7,25.5,0.2,12,0.046,"1,776"
194,NHFIL,25.7,26.3,25.4,25.7,25.6,0.1,588,26.205,"1,014,347"
195,MEGHNAINS,25.6,26.3,25.3,25.6,25.9,-0.3,356,6.707,"259,560"
196,RAKCERAMIC,25.5,26.7,25.1,25.5,25.1,0.4,801,23.909,"914,315"
197,CITYBANK,25.3,25.6,25.1,25.3,25.2,0.1,900,69.107,"2,720,559"
198,RDFOOD,25.1,25.5,24.8,25.1,25.1,0,572,18.351,"726,722"
199,IFADAUTOS,25,25.6,24.9,25,24.9,0.1,386,13.895,"552,092"
200,EBL,24.9,25.2,24.8,24.9,25,-0.1,300,14.647,"587,201"
201,OIMEX,24.9,25.9,24.6,24.9,25.5,-0.6,999,34.081,"1,349,180"
202,MEGHNAPET,24.8,25.4,23.7,24.7,24.5,0.3,78,0.639,"26,516"
203,NAHEEACP,24.7,25.7,24.6,24.7,25.3,-0.6,625,12.098,"483,082"
204,RUPALIINS,24,24.8,24,24.2,24.3,-0.3,142,3.064,"125,721"
205,DESCO,23.7,23.9,23.5,23.7,23.6,0.1,102,1.119,"47,285"
206,GHCL,23.4,24.5,23.1,23.4,22.8,0.6,454,10.149,"423,751"
207,HRTEX,23.4,23.8,23.2,23.4,23,0.4,142,1.656,"70,584"
208,SICL,23.3,23.9,23.2,23.4,23.5,-0.2,289,5.321,"226,482"
209,SANDHANINS,22.9,23.5,22.7,22.9,22.8,0.1,293,8.021,"345,124"
210,DGIC,22.6,23,22.6,22.6,22.6,0,130,3.527,"154,854"
211,FEDERALINS,22.4,22.5,22,22.4,22,0.4,152,3.959,"176,687"
212,TOSRIFA,22.4,23,22,22.4,22.2,0.2,927,37.591,"1,672,042"
213,COPPERTECH,22.3,22.9,22.1,22.3,22.5,-0.2,217,6.857,"306,422"
214,ICICL,22.2,22.8,22.1,22.2,22.5,-0.3,168,2.544,"113,574"
215,1STPRIMFMF,22.1,22.9,22,22.1,22.6,-0.5,723,16.695,"747,645"
216,SIMTEX,22.1,22.5,20.8,22.1,20.7,1.4,"3,058",170.302,"7,870,125"
217,RUPALIBANK,22,22.8,22,22,22.1,-0.1,360,10.687,"477,320"
218,IPDC,22,22.8,21.8,22,22.5,-0.5,"1,494",56.384,"2,519,851"
219,UTTARABANK,21.6,21.7,21.4,21.6,21.5,0.1,374,33.547,"1,553,492"
220,ANLIMAYARN,21.5,23,21.3,21.5,22,-0.5,72,0.856,"39,610"
221,DACCADYE,21.5,21.9,21.2,21.5,21.3,0.2,310,6.631,"307,975"
222,FARCHEM,21.4,21.9,21.2,21.4,21.2,0.2,225,2.82,"131,216"
223,JAMUNABANK,21.3,21.5,21.2,21.3,21.4,-0.1,231,18.254,"856,147"
224,SHASHADNIM,21.1,22.1,20.5,21.1,20.7,0.4,"1,205",58.709,"2,724,022"
225,DESHBANDHU,21.1,21.7,21,21.1,21.3,-0.2,946,17.538,"822,480"
226,EASTLAND,21,21.5,21,21,20.9,0.1,109,1.306,"61,766"
227,TITASGAS,20.8,21.3,20.6,20.9,20.7,0.1,128,1.779,"84,912"
228,AAMRANET,20.8,21.8,20.7,20.8,21.1,-0.3,394,5.82,"274,774"
229,ARGONDENIM,20.8,21.7,20.4,20.8,20.3,0.5,"1,795",95.226,"4,534,920"
230,FEKDIL,20.6,21.2,20.5,20.6,20.9,-0.3,"2,355",216.635,"10,370,846"
231,GPHISPAT,20.6,21,20.6,20.6,20.7,-0.1,513,13.538,"650,958"
232,PADMALIFE,20.5,20.9,20.5,20.5,20.5,0,72,0.739,"35,927"
233,MONNOFABR,20.3,21.4,20.1,20.3,21,-0.7,"1,560",60.631,"2,903,687"
234,MIDLANDBNK,20,20.5,19.8,20,19.6,0.4,"1,053",34.825,"1,726,178"
235,SPCERAMICS,20,20.8,19.8,20,20.4,-0.4,"1,042",24.299,"1,205,082"
236,SALAMCRST,19.9,21.2,19.6,19.9,20.8,-0.9,"1,480",39.355,"1,929,183"
237,EPGL,19.9,20.3,19.8,19.9,19.7,0.2,452,7.324,"365,916"
238,PURABIGEN,19.8,20,19.6,19.7,19.8,0,119,1.705,"85,831"
239,BENGALWTL,19.6,20,19.5,19.6,19.7,-0.1,300,5.409,"274,926"
240,BBSCABLES,19.3,20.4,19.1,19.3,19.8,-0.5,570,12.756,"645,661"
241,ACFL,19,19.5,18.9,19,19.1,-0.1,136,2.768,"144,204"
242,SHAHJABANK,18.4,18.5,18,18.4,18.1,0.3,94,4.159,"226,546"
243,BESTHLDNG,18.1,18.4,17.9,18.1,18,0.1,606,18.026,"992,851"
244,SAIHAMCOT,18.1,18.6,18,18.1,18.1,0,676,40.053,"2,188,001"
245,BANKASIA,18.1,18.2,18,18.1,18,0.1,118,2.837,"156,621"
246,TRUSTBANK,18,18.3,17.9,18,18.1,-0.1,288,15.796,"873,034"
247,DOMINAGE,17.9,18.9,17.6,17.9,18.8,-0.9,"2,937",155.892,"8,604,524"
248,MHSML,17.8,18.2,17.5,17.8,17.4,0.4,554,18.391,"1,028,512"
249,SHEPHERD,17.6,18,17.3,17.6,17.3,0.3,561,17.729,"1,006,704"
250,SILCOPHL,17.5,18.5,17.4,17.5,18.1,-0.6,"1,059",28.894,"1,627,809"
251,YPL,17.3,18.4,17.3,17.3,17.8,-0.5,183,1.844,"103,878"
252,SHARPIND,17.2,17.7,17.1,17.2,17.3,-0.1,298,5.765,"331,985"
253,LANKABAFIN,17.1,17.3,17,17.1,17.2,-0.1,576,26.517,"1,546,919"
254,EMERALDOIL,17,17,15.9,17,15.5,1.5,510,7.735,"466,513"
255,ALARABANK,17,17.1,16.8,17,16.8,0.2,14,0.242,"14,233"
256,MITHUNKNIT,16.8,17,16.5,16.8,16.3,0.5,136,1.416,"84,447"
257,MEGCONMILK,16.8,18.3,16.4,16.7,16.9,-0.1,194,1.372,"82,159"
258,SAIHAMTEX,16.3,16.6,16.1,16.3,16,0.3,362,20.403,"1,248,461"
259,ACMEPL,16.1,16.8,15.9,16.1,16.7,-0.6,896,33.875,"2,071,830"
260,AOL,15.9,16.5,15.8,15.9,16,-0.1,184,3.365,"207,766"
261,FORTUNE,15.8,16.2,15.7,15.8,15.6,0.2,367,6.338,"396,711"
262,BDTHAIFOOD,15.5,16,15.2,15.5,15.6,-0.1,409,7.361,"470,859"
263,ADVENT,15.5,15.7,15.4,15.5,15.3,0.2,186,3.477,"224,091"
264,SUMITPOWER,15.4,15.7,15.1,15.4,15.2,0.2,375,18.138,"1,176,403"
265,SAFKOSPINN,14.6,14.8,14.4,14.6,14.4,0.2,144,1.533,"105,177"
266,FUWANGFOOD,14.5,15,14.4,14.5,14.7,-0.2,444,13.576,"929,663"
267,RELIANCE1,14.3,14.4,14.1,14.3,14.1,0.2,267,5.302,"371,909"
268,PRIMETEX,14.3,14.8,13.5,14.2,14,0.3,267,1.128,"82,334"
269,LRBDL,14.2,14.5,14,14.2,14.1,0.1,176,2.413,"169,467"
270,AAMRATECH,14.1,14.5,14,14.1,14.2,-0.1,102,0.764,"53,581"
271,BPPL,13.9,14.3,13.9,13.9,14,-0.1,487,11.595,"827,860"
272,ALLTEX,13.8,14,13.5,13.8,13.8,0,74,1.31,"95,143"
273,UNITEDFIN,13.7,13.8,13.6,13.7,13.7,0,193,4.614,"336,003"
274,KPPL,13.6,13.6,12.7,13.6,12.4,1.2,212,2.539,"189,271"
275,QUEENSOUTH,13.6,14,13.5,13.6,13.6,0,388,9.962,"723,220"
276,IBP,13.5,14,13.4,13.5,13.7,-0.2,511,11.447,"837,627"
277,FUWANGCER,13.3,13.8,13.2,13.3,13.6,-0.3,723,18.084,"1,343,795"
278,KTL,13.2,13.5,13.1,13.2,13.3,-0.1,425,11.715,"881,175"
279,PENINSULA,13.2,13.8,12.8,13.2,12.7,0.5,171,2.191,"164,185"
280,BDTHAI,12.7,13.1,12.6,12.7,12.8,-0.1,380,9.143,"710,372"
281,GHAIL,12.7,13.2,12.5,12.7,12.9,-0.2,404,11.061,"862,759"
282,MTB,12.6,12.7,12.5,12.6,12.6,0,96,4.798,"380,546"
283,GRAMEENS2,12.6,12.9,12.6,12.7,12.8,-0.2,141,2.623,"205,827"
284,UTTARAFIN,12.5,13.2,12.3,12.7,12.9,-0.4,40,0.308,"24,017"
285,SILVAPHL,12.5,12.9,12.3,12.5,12.7,-0.2,258,4.242,"336,611"
286,GOLDENSON,12.5,12.9,12.4,12.5,12.7,-0.2,626,16.916,"1,340,949"
287,BDFINANCE,12.3,12.8,12.2,12.3,12.2,0.1,282,5.753,"462,055"
288,ARAMITCEM,12.2,12.8,11.8,12,12,0.2,38,0.248,"20,646"
289,NCCBANK,12.1,12.3,12,12.1,12.1,0,273,17.281,"1,424,704"
290,BBS,11.6,11.9,11.5,11.6,11.7,-0.1,305,7.047,"603,342"
291,CAPMBDBLMF,11.2,11.3,10.9,11.2,11.3,-0.1,559,21.897,"1,982,645"
292,DHAKABANK,11.2,11.3,11.2,11.2,11.1,0.1,306,15.87,"1,414,532"
293,DSSL,10.9,11.2,10.8,10.9,11.1,-0.2,608,24.487,"2,216,030"
294,METROSPIN,10.8,11.3,10.8,10.8,10.9,-0.1,82,1.42,"129,115"
295,KPCL,10.7,10.9,10.5,10.7,10.4,0.3,127,1.105,"103,217"
296,UCB,10.7,11,10.4,10.7,10.3,0.4,725,59.797,"5,579,971"
297,ETL,10.6,10.9,10.5,10.6,10.5,0.1,704,24.9,"2,331,301"
298,CENTRALPHL,10.2,10.4,10.2,10.2,10.1,0.1,154,2.453,"238,904"
299,NFML,9.9,10,9.5,9.9,9.6,0.3,57,1.412,"145,357"
300,BDWELDING,9.7,9.9,9.6,9.7,9.8,-0.1,56,0.659,"67,801"
301,MLDYEING,9.5,9.7,9.1,9.5,9.2,0.3,476,13.667,"1,443,260"
302,SOUTHEASTB,9.5,9.6,9.4,9.5,9.5,0,357,32.487,"3,422,519"
303,MERCANBANK,9.1,9.3,9.1,9.1,9.1,0,150,9.11,"992,987"
304,CAPMIBBLMF,9.1,9.2,8.8,9.1,9.1,0,91,2.262,"249,875"
305,SKTRIMS,9.1,9.5,9.1,9.1,9.2,-0.1,46,0.387,"42,295"
306,WMSHIPYARD,9.1,9.4,9.1,9.1,9.3,-0.2,151,2.127,"229,475"
307,BARKAPOWER,8.8,8.9,8.5,8.8,8.6,0.2,373,4.769,"552,066"
308,RSRMSTEEL,8.8,8.9,8.7,8.8,8.9,-0.1,24,0.105,"12,037"
309,ACTIVEFINE,8.7,9,8.3,8.6,8.4,0.3,113,0.793,"92,199"
310,NRBBANK,8.4,8.5,8.2,8.4,8.2,0.2,181,4.507,"534,849"
311,VFSTDL,7.9,8.2,7.9,7.9,8,-0.1,105,0.628,"78,912"
312,AFCAGRO,7.9,8,7.8,7.9,7.8,0.1,32,0.385,"49,002"
313,CAPITECGBF,7.4,7.6,7.4,7.4,7.5,-0.1,297,14.079,"1,885,288"
314,SBACBANK,7.4,7.6,7.4,7.4,7.5,-0.1,122,1.334,"178,719"
315,ONEBANKPLC,7.3,7.5,7.3,7.3,7.3,0,185,8.445,"1,147,272"
316,HFL,7.1,7.2,6.7,7.1,6.7,0.4,74,0.493,"69,814"
317,GLDNJMF,7.1,7.2,7,7.1,7.1,0,96,1.767,"249,225"
318,ICBAGRANI1,7.1,7.4,7.1,7.1,7,0.1,12,0.024,"3,321"
319,GBBPOWER,7.1,7.2,6.8,7,6.7,0.4,77,1.007,"144,185"
320,ISLAMICFIN,7.1,7.2,7,7.1,7,0.1,39,0.24,"34,090"
321,VAMLBDMF1,7.1,7.1,7,7,7.1,0,23,0.76,"108,286"
322,SEMLLECMF,7.1,7.3,7.1,7.1,7.1,0,117,5.586,"776,769"
323,OAL,6.9,7,6.7,6.9,6.6,0.3,194,2.267,"332,627"
324,MAKSONSPIN,6.7,6.9,6.5,6.7,6.6,0.1,49,0.334,"49,904"
325,SEMLIBBLSF,6.6,6.7,6.6,6.6,6.5,0.1,28,0.098,"14,808"
326,TALLUSPIN,6.6,6.8,6.5,6.6,6.5,0.1,65,0.527,"80,010"
327,DBH1STMF,6.6,6.8,6.5,6.6,6.7,-0.1,391,7.658,"1,139,871"
328,PDL,6.3,6.5,6.2,6.3,6.1,0.2,186,1.561,"244,746"
329,SAIFPOWER,6.3,6.5,6.3,6.3,6.3,0,92,1.096,"171,775"
330,NRBCBANK,6.2,6.4,6.1,6.2,6.1,0.1,105,1.763,"282,966"
331,MIDASFIN,6.2,6.4,6.2,6.3,6.2,0,17,0.071,"11,214"
332,PREMIERBAN,6.2,6.3,6.1,6.2,6.2,0,121,6.268,"1,011,894"
333,ICBAMCL2ND,6.1,6.1,6,6,6,0.1,26,0.029,"4,706"
334,ZAHINTEX,6,6.2,6,6.1,6.1,-0.1,35,0.11,"18,003"
335,ALIF,5.6,5.8,5.4,5.5,5.5,0.1,151,2.362,"423,344"
336,STANDBANKL,5.6,5.7,5.5,5.6,5.5,0.1,161,2.126,"378,077"
337,DELTASPINN,5.5,5.7,5.5,5.5,5.5,0,71,0.909,"163,089"
338,ZAHEENSPIN,5.4,5.5,5.1,5.4,5.3,0.1,173,1.461,"271,351"
339,IFIC,5.3,5.3,4.8,5.3,4.9,0.4,704,20.365,"3,987,422"
340,ABBANK,5.3,5.4,4.9,5.3,5,0.3,399,6.903,"1,334,353"
341,SHURWID,5.2,5.3,4.8,4.9,4.9,0.3,120,0.992,"193,733"
342,SEMLFBSLGF,5.2,5.4,5.2,5.2,5.3,-0.1,29,0.391,"75,024"
343,ICBSONALI1,5.1,5.2,5.1,5.1,5.1,0,95,2.026,"397,213"
344,NEWLINE,5.1,5.2,5.1,5.1,5.1,0,96,0.555,"108,157"
345,SSSTEEL,5.1,5.3,5.1,5.1,5.1,0,198,2.373,"459,489"
346,NCCBLMF1,4.9,4.9,4.9,4.9,4.8,0.1,7,0.05,"10,250"
347,PF1STMF,4.9,5,4.9,4.9,4.9,0,14,0.422,"85,763"
348,PRIME1ICBA,4.8,4.8,4.7,4.8,4.8,0,55,0.18,"38,159"
349,KEYACOSMET,4.8,4.8,4.6,4.8,4.6,0.2,124,2.322,"489,546"
350,ICBEPMF1S1,4.7,4.7,4.6,4.6,4.6,0.1,16,0.56,"121,682"
351,ICB3RDNRB,4.5,4.5,4.5,4.5,4.5,0,15,0.111,"24,761"
352,MBL1STMF,4.4,4.6,4.3,4.4,4.5,-0.1,61,1.384,"310,901"
353,AIBL1STIMF,4.3,4.4,4.3,4.3,4.3,0,81,1.02,"237,057"
354,EBL1STMF,4.2,4.3,4.1,4.2,4.2,0,30,0.181,"43,029"
355,IFILISLMF1,4.1,4.3,4.1,4.1,4.3,-0.2,58,0.711,"171,621"
356,UNIONCAP,4.1,4.2,4,4.1,4,0.1,15,0.032,"7,789"
357,EXIM1STMF,4.1,4.1,4,4.1,4.1,0,194,2.424,"597,500"
358,GREENDELMF,3.7,3.7,3.6,3.7,3.7,0,10,0.114,"30,815"
359,BAYLEASING,3.7,4,3.7,3.8,3.8,-0.1,81,0.847,"220,453"
360,LRGLOBMF1,3.5,3.5,3.4,3.5,3.5,0,12,0.13,"37,368"
361,BIFC,3.4,3.5,3.2,3.3,3.4,0,33,0.281,"85,254"
362,SIBL,3.4,3.4,3.1,3.4,3.1,0.3,217,4.288,"1,312,044"
363,TRUSTB1MF,3.3,3.3,3.2,3.3,3.3,0,20,0.098,"29,821"
364,IFIC1STMF,3.3,3.3,3.2,3.3,3.2,0.1,27,0.546,"166,056"
365,FBFIF,3.3,3.3,3.1,3.2,3.2,0.1,32,0.41,"128,418"
366,NBL,3.3,3.4,3.1,3.3,3.3,0,181,2.437,"753,953"
367,EBLNRBMF,3.2,3.2,3.1,3.2,3.2,0,37,0.836,"266,588"
368,PHPMF1,3.2,3.2,3,3.1,3.1,0.1,51,0.434,"140,585"
369,PHOENIXFIN,3.2,3.3,3.1,3.2,3.1,0.1,30,0.56,"175,221"
370,POPULAR1MF,3.1,3.2,3,3.1,3.1,0,31,0.551,"177,766"
371,ABB1STMF,3.1,3.2,3.1,3.1,3.1,0,61,3.412,"1,084,558"
372,EXIMBANK,3.1,3.1,2.9,3.1,2.9,0.2,318,11.318,"3,726,267"
373,1JANATAMF,3,3.1,3,3,3,0,100,2.386,"777,112"
374,CNATEX,3,3.1,3,3,3,0,34,0.251,"83,427"
375,GENNEXT,3,3,2.8,3,2.9,0.1,76,0.936,"316,715"
376,REGENTTEX,3,3,2.9,3,2.8,0.2,37,0.221,"73,821"
377,RINGSHINE,2.8,2.9,2.7,2.8,2.8,0,97,0.798,"285,308"
378,APOLOISPAT,2.6,2.7,2.5,2.6,2.6,0,87,0.64,"245,846"
379,GSPFINANCE,2.6,2.6,2.5,2.6,2.5,0.1,73,0.61,"235,003"
380,FIRSTFIN,2.4,2.4,2.3,2.3,2.2,0.2,21,0.124,"54,021"
381,NURANI,2.4,2.6,2.4,2.4,2.4,0,18,0.116,"48,175"
382,ICBIBANK,2.2,2.2,2.1,2.2,2.1,0.1,31,0.399,"182,132"
383,PRIMEFIN,2.2,2.2,2,2.2,2,0.2,111,0.455,"215,650"
384,TUNGHAI,2.2,2.2,1.8,2.1,2,0.2,35,0.125,"61,896"
385,FIRSTSBANK,2,2,1.8,2,1.9,0.1,348,9.089,"4,661,071"
386,FAMILYTEX,1.8,1.9,1.8,1.8,1.8,0,70,0.663,"360,052"
387,UNIONBANK,1.6,1.6,1.4,1.6,1.5,0.1,527,3.54,"2,414,980"
388,GIB,1.5,1.5,1.3,1.5,1.4,0.1,501,4.252,"3,042,165"
389,ILFSL,1.4,1.4,1.3,1.3,1.4,0,39,0.276,"211,883"
390,PREMIERLEA,1.3,1.3,1.2,1.3,1.3,0,36,0.217,"175,793"
391,FASFIN,1.3,1.3,1.1,1.3,1.2,0.1,89,0.677,"539,701"
392,FAREASTFIN,1.2,1.2,1.1,1.2,1.1,0.1,47,0.507,"442,092"
393,PLFSL,1.1,1.2,1.1,1.1,1.1,0,77,0.53,"481,157"
394,BDSERVICE,0,0,0,5.2,5.2,--,0,0,0
395,SAVAREFR,0,0,0,215.5,215.5,--,0,0,0
396,ATCSLGF,0,0,0,7.5,7.5,--,0,0,0
397,VAMLRBBF,0,0,0,5.6,5.6,--,0,0,0
